CREATE DATABASE  IF NOT EXISTS `madreTeresa` /*!40100 DEFAULT CHARACTER SET latin1 */;
USE `madreTeresa`;
-- MySQL dump 10.13  Distrib 5.5.44, for debian-linux-gnu (x86_64)
--
-- Host: localhost    Database: madreTeresa
-- ------------------------------------------------------
-- Server version	5.5.44-0ubuntu0.14.04.1

/*!40101 SET @OLD_CHARACTER_SET_CLIENT=@@CHARACTER_SET_CLIENT */;
/*!40101 SET @OLD_CHARACTER_SET_RESULTS=@@CHARACTER_SET_RESULTS */;
/*!40101 SET @OLD_COLLATION_CONNECTION=@@COLLATION_CONNECTION */;
/*!40101 SET NAMES utf8 */;
/*!40103 SET @OLD_TIME_ZONE=@@TIME_ZONE */;
/*!40103 SET TIME_ZONE='+00:00' */;
/*!40014 SET @OLD_UNIQUE_CHECKS=@@UNIQUE_CHECKS, UNIQUE_CHECKS=0 */;
/*!40014 SET @OLD_FOREIGN_KEY_CHECKS=@@FOREIGN_KEY_CHECKS, FOREIGN_KEY_CHECKS=0 */;
/*!40101 SET @OLD_SQL_MODE=@@SQL_MODE, SQL_MODE='NO_AUTO_VALUE_ON_ZERO' */;
/*!40111 SET @OLD_SQL_NOTES=@@SQL_NOTES, SQL_NOTES=0 */;

--
-- Table structure for table `cuotaFlorDeVida`
--

DROP TABLE IF EXISTS `cuotaFlorDeVida`;
/*!40101 SET @saved_cs_client     = @@character_set_client */;
/*!40101 SET character_set_client = utf8 */;
CREATE TABLE `cuotaFlorDeVida` (
  `idcuotaFlorDeVida` int(11) NOT NULL AUTO_INCREMENT,
  `monto` decimal(7,2) NOT NULL,
  `fechaPago` date NOT NULL,
  `idSocioFV` int(11) NOT NULL,
  `idFV` int(11) NOT NULL,
  PRIMARY KEY (`idcuotaFlorDeVida`,`idSocioFV`,`idFV`),
  KEY `idSocioFV` (`idSocioFV`),
  KEY `idFV` (`idFV`),
  CONSTRAINT `cuotaFlorDeVida_ibfk_11` FOREIGN KEY (`idSocioFV`) REFERENCES `sociosFlorVida` (`idSocio`) ON DELETE CASCADE ON UPDATE CASCADE,
  CONSTRAINT `cuotaFlorDeVida_ibfk_12` FOREIGN KEY (`idFV`) REFERENCES `florVida` (`idFV`) ON DELETE CASCADE ON UPDATE CASCADE
) ENGINE=InnoDB AUTO_INCREMENT=5 DEFAULT CHARSET=latin1;
/*!40101 SET character_set_client = @saved_cs_client */;

--
-- Dumping data for table `cuotaFlorDeVida`
--

LOCK TABLES `cuotaFlorDeVida` WRITE;
/*!40000 ALTER TABLE `cuotaFlorDeVida` DISABLE KEYS */;
INSERT INTO `cuotaFlorDeVida` VALUES (2,50.00,'2014-05-05',5,5),(3,100.00,'2015-06-18',8,7),(4,200.00,'2015-06-18',8,7);
/*!40000 ALTER TABLE `cuotaFlorDeVida` ENABLE KEYS */;
UNLOCK TABLES;

--
-- Table structure for table `cuotaSocial`
--

DROP TABLE IF EXISTS `cuotaSocial`;
/*!40101 SET @saved_cs_client     = @@character_set_client */;
/*!40101 SET character_set_client = utf8 */;
CREATE TABLE `cuotaSocial` (
  `idCuotaSocial` int(11) NOT NULL AUTO_INCREMENT,
  `idSocio` int(11) NOT NULL,
  `fechaActivacion` date NOT NULL,
  `fechaPago` date DEFAULT NULL,
  `monto` decimal(7,2) DEFAULT NULL,
  `cuota` varchar(7) DEFAULT NULL,
  PRIMARY KEY (`idCuotaSocial`),
  KEY `cuotaSocios` (`idSocio`),
  CONSTRAINT `cuotaSocial_ibfk_2` FOREIGN KEY (`idSocio`) REFERENCES `socios` (`idSocio`) ON DELETE CASCADE ON UPDATE CASCADE
) ENGINE=InnoDB AUTO_INCREMENT=242 DEFAULT CHARSET=latin1;
/*!40101 SET character_set_client = @saved_cs_client */;

--
-- Dumping data for table `cuotaSocial`
--

LOCK TABLES `cuotaSocial` WRITE;
/*!40000 ALTER TABLE `cuotaSocial` DISABLE KEYS */;
INSERT INTO `cuotaSocial` VALUES (179,7,'2014-07-01','2014-09-24',20.00,'7/2014'),(180,3,'2014-07-01','2014-09-24',15.00,'7/2014'),(181,5,'2014-07-01',NULL,5.00,'7/2014'),(182,6,'2014-07-01',NULL,5.00,'7/2014'),(183,10,'2014-07-01','2015-03-07',5.00,'7/2014'),(184,4,'2014-07-01',NULL,5.00,'7/2014'),(185,2,'2014-07-01',NULL,5.00,'7/2014'),(186,9,'2014-07-01',NULL,15.00,'7/2014'),(187,7,'2014-08-01','2014-09-24',20.00,'8/114'),(188,7,'2014-09-01','2014-09-24',20.00,'9/2014'),(189,3,'2014-08-01','2014-09-24',15.00,'8/2014'),(190,5,'2014-08-01',NULL,5.00,'8/2014'),(191,6,'2014-08-01',NULL,5.00,'8/2014'),(192,10,'2014-08-01','2015-03-07',5.00,'8/2014'),(193,4,'2014-08-01',NULL,5.00,'8/2014'),(194,2,'2014-08-01',NULL,5.00,'8/2014'),(195,9,'2014-08-01',NULL,15.00,'8/2014'),(196,3,'2014-09-01','2014-10-06',15.00,'9/2014'),(197,3,'2014-10-01','2014-10-06',15.00,'10/2014'),(198,7,'2014-10-01',NULL,20.00,'10/2014'),(199,5,'2014-10-01',NULL,5.00,'10/2014'),(200,6,'2014-10-01','2014-12-14',5.00,'10/2014'),(201,10,'2014-10-01','2015-03-07',5.00,'10/2014'),(202,4,'2014-10-01',NULL,5.00,'10/2014'),(203,2,'2014-10-01',NULL,5.00,'10/2014'),(204,9,'2014-10-01',NULL,15.00,'10/2014'),(205,7,'2014-12-01','2015-05-25',2.00,'12/2014'),(206,3,'2014-12-01',NULL,15.00,'12/2014'),(207,5,'2014-12-01',NULL,5.00,'12/2014'),(208,6,'2014-12-01',NULL,5.00,'12/2014'),(209,10,'2014-12-01','2015-03-07',5.00,'12/2014'),(210,8,'2014-12-01',NULL,20.00,'12/2014'),(211,4,'2014-12-01',NULL,5.00,'12/2014'),(212,9,'2014-12-01',NULL,15.00,'12/2014'),(213,7,'2015-03-01',NULL,20.00,'3/2015'),(214,3,'2015-03-01',NULL,20.00,'3/2015'),(215,5,'2015-03-01',NULL,15.00,'3/2015'),(216,7,'2015-03-01',NULL,20.00,'3/2015'),(217,5,'2015-03-01',NULL,15.00,'3/2015'),(218,7,'2015-03-01',NULL,20.00,'3/2015'),(219,5,'2015-03-01',NULL,15.00,'3/2015'),(220,7,'2015-03-01',NULL,20.00,'3/2015'),(221,5,'2015-03-01',NULL,15.00,'3/2015'),(222,7,'2015-03-01',NULL,20.00,'3/2015'),(223,5,'2015-03-01',NULL,15.00,'3/2015'),(224,7,'2015-03-01',NULL,20.00,'3/2015'),(225,5,'2015-03-01',NULL,15.00,'3/2015'),(226,7,'2015-03-01',NULL,20.00,'3/2015'),(227,5,'2015-03-01',NULL,15.00,'3/2015'),(228,7,'2015-03-01',NULL,20.00,'3/2015'),(229,5,'2015-03-01',NULL,15.00,'3/2015'),(230,7,'2015-03-01',NULL,20.00,'3/2015'),(231,5,'2015-03-01',NULL,15.00,'3/2015'),(232,11,'2015-03-01',NULL,15.00,'3/2015'),(233,6,'2015-03-01',NULL,5.00,'3/2015'),(234,10,'2015-03-01',NULL,5.00,'3/2015'),(235,8,'2015-03-01',NULL,20.00,'3/2015'),(236,4,'2015-03-01',NULL,5.00,'3/2015'),(237,9,'2015-03-01',NULL,15.00,'3/2015'),(238,7,'2015-04-01','2015-05-26',20.00,'4/2015'),(239,7,'2015-05-01','2015-05-26',20.00,'5/2015'),(240,7,'2015-06-01','2015-05-26',20.00,'6/2015'),(241,7,'2015-07-01','2015-05-26',20.00,'7/2015');
/*!40000 ALTER TABLE `cuotaSocial` ENABLE KEYS */;
UNLOCK TABLES;

--
-- Table structure for table `donaciones`
--

DROP TABLE IF EXISTS `donaciones`;
/*!40101 SET @saved_cs_client     = @@character_set_client */;
/*!40101 SET character_set_client = utf8 */;
CREATE TABLE `donaciones` (
  `iddonaciones` int(11) NOT NULL AUTO_INCREMENT,
  `nombre` varchar(100) DEFAULT NULL,
  `apellido` varchar(50) DEFAULT NULL,
  `monto` decimal(7,2) DEFAULT NULL,
  `fechaDonacion` date DEFAULT NULL,
  `DNI` int(11) DEFAULT NULL,
  PRIMARY KEY (`iddonaciones`)
) ENGINE=InnoDB AUTO_INCREMENT=61 DEFAULT CHARSET=latin1;
/*!40101 SET character_set_client = @saved_cs_client */;

--
-- Dumping data for table `donaciones`
--

LOCK TABLES `donaciones` WRITE;
/*!40000 ALTER TABLE `donaciones` DISABLE KEYS */;
INSERT INTO `donaciones` VALUES (3,'JUAN','PEREZ',99.00,'2014-01-06',31720700),(4,'KURT','COBAIN',50.00,'2014-06-04',NULL),(5,'ALGUIEN','ALGUIEN',300.00,'2013-12-28',NULL),(14,'LEANDRO','MARO',22.00,'2014-09-06',99999999),(41,'GRACIELA','BERNAOLA',670.00,'0014-12-01',17387705),(58,'JUAN','PEREZ',22.00,'2015-05-25',31720700),(60,'ANONIMO','ANONIMO',1231.00,'2015-06-14',NULL);
/*!40000 ALTER TABLE `donaciones` ENABLE KEYS */;
UNLOCK TABLES;

--
-- Table structure for table `eventos`
--

DROP TABLE IF EXISTS `eventos`;
/*!40101 SET @saved_cs_client     = @@character_set_client */;
/*!40101 SET character_set_client = utf8 */;
CREATE TABLE `eventos` (
  `idEvento` int(11) NOT NULL AUTO_INCREMENT,
  `motivo` int(11) NOT NULL,
  `fecha` date NOT NULL,
  `montoPublic` decimal(7,2) DEFAULT NULL,
  `montoRifas` decimal(7,2) DEFAULT NULL,
  `montoTarjetas` decimal(7,2) DEFAULT NULL,
  PRIMARY KEY (`idEvento`),
  KEY `fk_eventos_1` (`motivo`),
  CONSTRAINT `fk_eventos_1` FOREIGN KEY (`motivo`) REFERENCES `tipoEvento` (`idTipoEvento`) ON DELETE NO ACTION ON UPDATE NO ACTION
) ENGINE=InnoDB AUTO_INCREMENT=14 DEFAULT CHARSET=latin1;
/*!40101 SET character_set_client = @saved_cs_client */;

--
-- Dumping data for table `eventos`
--

LOCK TABLES `eventos` WRITE;
/*!40000 ALTER TABLE `eventos` DISABLE KEYS */;
INSERT INTO `eventos` VALUES (1,6,'2014-05-14',1600.00,1200.00,200.00),(3,6,'2014-06-10',150.00,150.00,150.00),(6,6,'2014-06-07',300.00,200.00,100.00),(8,6,'2014-09-02',1234.00,43.00,55.00),(9,6,'2014-09-29',2323.00,2323.00,2323.00),(11,6,'2014-10-20',120.34,45.00,24.99),(12,6,'2015-05-30',90.00,800.00,1300.00),(13,6,'2015-06-07',45.00,45.00,98.00);
/*!40000 ALTER TABLE `eventos` ENABLE KEYS */;
UNLOCK TABLES;

--
-- Table structure for table `florVida`
--

DROP TABLE IF EXISTS `florVida`;
/*!40101 SET @saved_cs_client     = @@character_set_client */;
/*!40101 SET character_set_client = utf8 */;
CREATE TABLE `florVida` (
  `apellido` varchar(100) DEFAULT NULL,
  `nombre` varchar(100) DEFAULT NULL,
  `localidad` int(11) NOT NULL,
  `direccion` varchar(250) DEFAULT NULL,
  `fechaDefuncion` date DEFAULT NULL,
  `telefono` varchar(20) DEFAULT NULL,
  `idFV` int(11) NOT NULL AUTO_INCREMENT,
  PRIMARY KEY (`idFV`),
  KEY `fk_florVida_1` (`localidad`),
  CONSTRAINT `fk_florVida_1` FOREIGN KEY (`localidad`) REFERENCES `localidades` (`codLoc`) ON DELETE NO ACTION ON UPDATE NO ACTION
) ENGINE=InnoDB AUTO_INCREMENT=16 DEFAULT CHARSET=latin1;
/*!40101 SET character_set_client = @saved_cs_client */;

--
-- Dumping data for table `florVida`
--

LOCK TABLES `florVida` WRITE;
/*!40000 ALTER TABLE `florVida` DISABLE KEYS */;
INSERT INTO `florVida` VALUES ('ROBERTO','AGUIRRE',107,'FRONDIZI 142','2014-05-19','421288',5),('SR. TEST 1','NOMBRE TEST 1',110,'MONTEAGUDO 343','2014-05-01','123456789',6),('ORTEGA Y GASES','NOMBRE TEST 2',107,'NICARAGUA 567','2014-05-02','987654312',7),('SEÑOS','QUEMURIO',106,'FRONDIZI 1544','2014-09-11','421288',8),('MENDEZ','GRACIELA',107,'ALVEAR XX','2050-07-20','03624454545',10),('BERNAOLA','GUSTAVO',107,'FFF','2015-05-18','0362422222',11),('PERES','PEDRO',107,'XX','2015-06-17','03624345678',15);
/*!40000 ALTER TABLE `florVida` ENABLE KEYS */;
UNLOCK TABLES;

--
-- Table structure for table `gastos`
--

DROP TABLE IF EXISTS `gastos`;
/*!40101 SET @saved_cs_client     = @@character_set_client */;
/*!40101 SET character_set_client = utf8 */;
CREATE TABLE `gastos` (
  `idgastos` int(11) NOT NULL AUTO_INCREMENT,
  `monto` decimal(9,2) DEFAULT NULL,
  `fechaGasto` date DEFAULT NULL,
  `descripcion` varchar(250) DEFAULT NULL,
  `tipo_gasto_idtipo_gasto` int(11) NOT NULL,
  PRIMARY KEY (`idgastos`),
  KEY `fk_gastos_tipo_gasto1_idx` (`tipo_gasto_idtipo_gasto`),
  CONSTRAINT `gastos_ibfk_2` FOREIGN KEY (`tipo_gasto_idtipo_gasto`) REFERENCES `tipoGasto` (`idtipo_gasto`) ON DELETE CASCADE ON UPDATE CASCADE
) ENGINE=InnoDB AUTO_INCREMENT=26 DEFAULT CHARSET=latin1;
/*!40101 SET character_set_client = @saved_cs_client */;

--
-- Dumping data for table `gastos`
--

LOCK TABLES `gastos` WRITE;
/*!40000 ALTER TABLE `gastos` DISABLE KEYS */;
INSERT INTO `gastos` VALUES (12,50.00,'2014-05-29','PARA LIMPIEZA DEL BAÑO',6),(13,150.00,'2014-05-29','PARA LA LIMPIEZA DEL BAÑO',6),(15,50.00,'2014-06-04','FACTURAS PARA EL DESAYUNO',7),(17,90.55,'2014-06-14','UN FLORERO',6),(18,4000.00,'2013-08-29',NULL,7),(19,5454.00,'2012-08-29',NULL,6),(20,12.00,'2014-09-03','EN POLVO ALA CON MICROCRISTALES PIPICUCU',6),(22,123.00,'2014-10-01','XXXXXX',6),(23,3434.00,'2015-01-24',NULL,9),(24,5454.00,'2015-01-24',NULL,6),(25,900.00,'2015-05-10',NULL,9);
/*!40000 ALTER TABLE `gastos` ENABLE KEYS */;
UNLOCK TABLES;

--
-- Table structure for table `localidades`
--

DROP TABLE IF EXISTS `localidades`;
/*!40101 SET @saved_cs_client     = @@character_set_client */;
/*!40101 SET character_set_client = utf8 */;
CREATE TABLE `localidades` (
  `codLoc` int(11) NOT NULL,
  `codProv` int(11) NOT NULL,
  `localidad` varchar(150) NOT NULL,
  PRIMARY KEY (`codLoc`,`codProv`),
  KEY `codProv` (`codProv`),
  CONSTRAINT `FK_localidades_codProv` FOREIGN KEY (`codProv`) REFERENCES `provincias` (`codProv`),
  CONSTRAINT `localidades_ibfk_1` FOREIGN KEY (`codProv`) REFERENCES `provincias` (`codProv`) ON DELETE CASCADE ON UPDATE CASCADE
) ENGINE=InnoDB DEFAULT CHARSET=latin1;
/*!40101 SET character_set_client = @saved_cs_client */;

--
-- Dumping data for table `localidades`
--

LOCK TABLES `localidades` WRITE;
/*!40000 ALTER TABLE `localidades` DISABLE KEYS */;
INSERT INTO `localidades` VALUES (1,6,'AVIA TERAI'),(2,6,'BARRANQUERAS'),(3,6,'PUERTO VILELAS'),(4,6,'BASAIL'),(5,6,'CAMPO FELMAN'),(6,6,'CAMPO LA AURORA'),(7,6,'CAMPO LARGO'),(8,6,'CAMPO WINTER'),(9,6,'CAPITAN SOLARI'),(10,6,'CHARADAI'),(11,6,'CHARATA'),(12,6,'CHOROTIS'),(13,6,'CIERVO PETISO'),(14,6,'COLONIA BAJO HONDO'),(15,6,'COLONIA BENITEZ'),(16,6,'COL.BERNARDINO RIVADAVIA'),(17,6,'COLONIA EL AGUARA'),(18,6,'COLONIA ELISA'),(19,6,'COL.GRAL.NECOCHEA'),(20,6,'COL.HIPOLITO VIEYTES'),(21,6,'COLONIA JOSE MARMOL'),(22,6,'COLONIA JUAN J.LAVALLE'),(23,6,'COLONIA JUAN J. PASO'),(24,6,'COLONIA JUAN LARREA'),(25,6,'COLONIA JUAN PENCO'),(26,6,'COLONIA LA LOLA'),(27,6,'COLONIA POPULAR'),(28,6,'COLONIA RODIRGUEZ PE?A'),(29,6,'COLONIAS UNIDAS'),(30,6,'CONCEPCION DEL BERMEJO'),(31,6,'CORONEL DU GRATY'),(32,5,'CORRIENTES'),(33,6,'CORZUELA'),(34,6,'COTE LAI'),(35,9,'EL COLORADO'),(36,6,'EL ESPINILLO'),(37,6,'EL ?ANDUBAY'),(38,6,'EL PALMAR'),(39,6,'EL PALMAR - QUITILIP'),(40,6,'EL PINTADO-WICHI'),(41,6,'EL TRAGADERO'),(42,6,'EL SAUZALITO'),(43,6,'ENRIQUE URIEN'),(44,21,'FLORENCIA'),(45,6,'FONTANA'),(46,6,'FORTIN AGUILAR'),(47,6,'FORTIN LAVALLE'),(48,6,'FUERTE ESPERANZA'),(49,6,'GANCEDO'),(50,6,'GENERAL CAPDEVILLA'),(51,6,'GRAL.J.DE SAN MARTIN'),(52,6,'GENERAL PAZ'),(53,6,'GENERAL VEDIA'),(54,6,'HAUMONIA'),(55,6,'HERMOSO CAMPO'),(56,6,'HORQUILLA'),(57,6,'ISLA DEL CERRITO'),(58,6,'ITIN'),(59,6,'JUAN JOSE CASTELLI'),(60,6,'LA CLOTILDE'),(61,6,'LA CHIQUITA'),(62,6,'LA EDUVIGIS'),(63,6,'LA ESCONDIDA'),(64,6,'LA LEONESA'),(65,6,'LA LIGURIA'),(66,6,'LA MASCOTA'),(67,6,'LA MATANZA'),(68,6,'LA TAMBORA'),(69,6,'LA TIGRA'),(70,6,'LA VERDE'),(71,6,'LAGUNA BLANCA'),(72,6,'LAGUNA LIMPIA'),(73,6,'LAPACHITO'),(74,6,'LAS BRE?AS'),(75,6,'LAS GARCITAS'),(76,6,'LAS PALMAS'),(77,6,'LOS FRENTONES'),(78,6,'MACHAGAI'),(79,6,'MAKALLE'),(80,6,'MARGARITA BELEN'),(81,6,'MESON DE FIERRO'),(82,6,'MIRAFLORES'),(83,6,'MISION NUEVA POMPEYA'),(84,22,'MONTE QUEMADO'),(85,6,'NAPALPI'),(86,6,'NAPENAY'),(87,6,'NECOCHEA'),(88,6,'PAMPA ALEGRIA'),(89,6,'PAMPA ALMIRON'),(90,6,'PAMPA CABRERA'),(91,6,'PAMPA DEL INDIO'),(92,6,'PAMPA DEL INFIERNO'),(93,6,'PAMPA FLORIDA'),(94,6,'PAMPA GRANDE'),(95,6,'PAMPA LANDRIEL'),(96,6,'PAMPA OCULTA'),(97,6,'PAMPA VERDE'),(98,6,'PRESIDENCIA DE LA PLAZA'),(99,6,'PRESIDENCIA ROCA'),(100,6,'PRESIDENCIA R.SAENZ PE?A'),(101,6,'PRESIDENTE URIBURU'),(102,6,'PUERTO BERMEJO'),(103,6,'PUERTO TIROL'),(104,6,'GENERAL PINEDO'),(105,6,'PUERTO VICENTIN'),(106,6,'QUITILIPI'),(107,6,'RESISTENCIA'),(108,6,'RIO MUERTO'),(109,6,'LA SABANA'),(110,6,'SAMUHU'),(111,6,'SAN BERNARDO'),(112,6,'SANTA SYLVINA'),(113,6,'SELVAS DEL RIO DE ORO'),(114,6,'SUBERBUHLER'),(115,6,'TACO POZO'),(116,6,'TRES ESTACAS'),(117,6,'TRES HORQUETAS(Gr.VEDIA)'),(118,6,'TRES HORQUETAS(Col.BENITEZ)'),(119,6,'TRES ISLETAS'),(120,6,'TRES PALMAS'),(121,6,'VENADOS GRANDES'),(122,6,'VILLA ANGELA'),(123,6,'VILLA BERTHET'),(124,6,'VILLA RIO BERMEJITO'),(125,6,'ZAPALLAR'),(126,6,'ZAPARINQUI'),(127,6,'PTO.EVA PER?N (EX PTO.VELAZ)'),(128,13,'GODOY CRUZ'),(129,4,'VILLA CARLOS PAZ'),(130,13,'GUAYMALLEN'),(131,4,'BELL VILLE'),(132,6,'PAMPA CHICA'),(133,21,'ROSARIO'),(134,21,'AROCENA'),(135,4,'CORDOBA'),(136,2,'FLORENCIO VARELA'),(137,21,'VILLA OCAMPO'),(138,2,'LANUS'),(139,2,'S.N.DE ARROYOS'),(140,9,'PIRANE'),(141,6,'EL ZAPALLAR'),(142,2,'MARTINEZ'),(143,2,'SAN FRANCISCO SOLANO'),(144,2,'GRAND BOURG'),(145,2,'VILLA DE MAYO'),(146,9,'GENERAL MASILLA'),(147,4,'LABOULAYE'),(148,2,'GUERNICA'),(149,2,'VILLA ADELINA'),(150,2,'LOMAS DE ZAMORA'),(151,2,'MONTE GRANDE'),(152,21,'GALVEZ'),(153,2,'CAPITAL FEDERAL'),(154,2,'MERLO'),(155,5,'ITUZAINGO'),(156,6,'TRES MOJONES'),(157,21,'LAS TOSCAS'),(158,2,'OLIVOS'),(159,4,'ALTA GRACIA'),(160,2,'CAMARONES-CAP.FED.'),(161,2,'BANFIELD'),(163,6,'COL.TACUARI'),(164,2,'ARRECIFES'),(165,5,'ITATI'),(166,2,'AVDA. PUEYRREDON'),(167,2,'MAR DEL PLATA'),(168,5,'MONTE CASEROS'),(169,2,'MAQUINISTA SABIO'),(170,2,'CLAYPOLE'),(171,2,'MAXIMO PAZ'),(172,2,'WILLIAM MORRIS'),(173,2,'GONZALEZ CATAN'),(175,8,'URDINARRAIN'),(176,2,'BECAR'),(177,2,'VILLA MADERO'),(178,14,'OBERA'),(180,9,'FORMOSA'),(181,2,'OLAVARRIA'),(182,2,'LUIS GUILLON'),(184,21,'VILLA GUILLERMINA'),(185,4,'MONTE MAIZ'),(186,2,'NECOCHEA'),(187,5,'MERCEDES'),(188,2,'LA FERRERE'),(189,2,'DEL VISO'),(190,2,'PILAR'),(191,3,'S.F.VALLE CATAMARCA'),(192,17,'SALTA'),(193,17,'ROSARIO DE LERMA'),(194,2,'RAFAEL CASTILLO'),(195,2,'TALCAHUANO-CAP.FED.'),(196,6,'COMANDANCIA FRIAS'),(197,6,'COLONIA BRANDSEN'),(198,2,'SAN ISIDRO'),(199,2,'LANUS O.-CAP.FED.'),(200,23,'SAN M.DE TUCUMAN'),(201,9,'IBARRETA'),(202,21,'RECONQUISTA'),(203,2,'9 DE ABRIL-D.E.ECHEVERRIA'),(204,21,'LOS AMORES'),(205,21,'AVELLANEDA'),(206,2,'SAN MIGUEL'),(207,21,'BOMBAL'),(208,2,'AV.STA.FE-CAP.FEDERA.'),(209,2,'AV.BOEDO-CAP.FEDERA.'),(210,2,'ACASSUSO'),(213,13,'LAS HERAS'),(214,2,'TALAR DE PACHECO-TIGRE'),(215,2,'MORENO'),(216,4,'VILLA MARIA'),(217,2,'VALENTIN ALSINA'),(218,8,'PARANA'),(219,2,'CAMPANA'),(220,14,'EL DORADO'),(221,21,'SANTA FE'),(222,10,'JUJUY'),(225,2,'CASEROS'),(226,13,'SAN JOSE'),(227,5,'BIGAND'),(230,21,'GABOTO'),(231,4,'LEONES'),(233,2,'SAN PEDRO'),(234,8,'CONCORDIA'),(235,4,'SAN FRANCISCO'),(236,2,'JOSE C.PAZ'),(238,2,'ESCOBAR'),(239,2,'HURLINGHAM'),(240,2,'EL TALAR'),(241,4,'MARCOS JUAREZ'),(244,2,'WILDE'),(245,2,'PERGAMINO'),(246,21,'JUAN B.MOLINA'),(247,4,'OLIVA'),(248,17,'EL GALPON'),(252,2,'JUNIN'),(253,6,'COLONIA BARANDA'),(255,22,'SANTIAGO DEL ESTERO'),(256,2,'RAMOS MEJIA'),(259,4,'RIO TERCERO'),(260,21,'GRANADERO BAIGORRIA'),(261,4,'VILLA ALLENDE'),(262,17,'LOS ROSALES'),(263,4,'RIO SEGUNDO'),(264,2,'MANZANARES-CAP.FED.'),(265,4,'JUSTINIANO POSSE'),(266,2,'MARCOS PAZ'),(267,21,'IBARLUCEA'),(268,4,'ONCATIVO'),(269,8,'VICTORIA'),(270,2,'TORTUGUITAS'),(272,4,'CRUZ ALTA'),(273,2,'AMERICA'),(275,2,'AVELLANEDA'),(276,9,'CLORINDA'),(277,4,'JESUS MARIA'),(278,21,'ROLDAN'),(279,2,'QUILMES OESTE'),(280,2,'QUILMES'),(281,6,'PAMPA IPORA GUAZU'),(282,21,'VILLA TRINIDAD'),(283,21,'CA?ADA DE GOMEZ'),(284,21,'EL TREBOL'),(285,2,'BURSACO'),(286,2,'MONTE CHINGOLO'),(287,21,'TORTUGAS'),(288,4,'GENERAL CABRERA'),(289,4,'RIO CUARTO'),(290,4,'SALADILLO'),(291,21,'SAN JOSE DE LA ESQUINA'),(292,4,'INRIVILLE'),(293,2,'BERAZATEGUI'),(294,4,'VILLA DEL ROSARIO'),(295,4,'LAGUNA LARGA'),(296,4,'PILAR'),(297,4,'GENERAL DEHEZA'),(298,11,'GENERAL ACHA'),(299,21,'FIRMAT'),(300,21,'CAPITAN BERMUDEZ'),(301,2,'DON TORCUATO'),(303,21,'RAFAELA'),(304,21,'LAS PAREJAS'),(305,21,'GOBERNADOR CRESPO'),(306,21,'CHABAS'),(307,21,'SAN LORENZO'),(308,4,'MARULL'),(309,4,'LOS SURGENTES'),(310,23,'TUCUMAN'),(311,21,'MONJE'),(314,4,'CAMILO ALDAO'),(315,5,'PASO DE LOS LIBRES'),(316,14,'POSADAS'),(317,4,'ADELIA MARIA'),(318,23,'TAFI VIEJO'),(319,21,'CA?ADA ROSQUIN'),(320,21,'SUNCHALES'),(321,4,'DESPE?ADEROS'),(322,4,'W.ESCALANTE'),(323,21,'LANTERI'),(324,4,'TORO PUIJO'),(325,14,'LEANDRO N.ALEM'),(326,4,'MORTEROS'),(327,21,'BARRANCAS'),(328,2,'SALTO'),(329,4,'LABORDE'),(330,21,'TOTORAS'),(331,4,'LAS VARILLAS'),(332,2,'BERNAL'),(335,2,'LA PLATA'),(336,2,'SAN MARTIN'),(337,21,'SASTRE'),(338,4,'SACANTA'),(339,4,'PASCO'),(340,2,'SAN ANDRES'),(341,21,'MARIA SUSANA'),(342,4,'PAMPAYA NORTE'),(343,4,'JAMES CRAIK'),(344,24,'USHUAIA'),(345,2,'TRES ARROYOS'),(346,21,'PUJATO'),(347,2,'LA SALADA'),(348,2,'EZEIZA'),(349,19,'SAN LUIS'),(350,21,'MARIA JUANA'),(351,4,'COL.MADRESELVA-BALNEARIA'),(352,2,'ITUZAINGO -BS.AS.'),(353,2,'VILLA MAIPU'),(354,21,'COLONIA ALDAO'),(355,4,'VILLA ASCASUBI'),(356,2,'BENAVIDEZ'),(357,2,'VILLA LUZURIAGA'),(358,4,'MONTE BUEY'),(359,21,'ARMSTRONG'),(360,4,'PUNILLA'),(361,22,'PAMPA DE LOS GUANACOS'),(362,22,'BANDERA'),(363,21,'CORONDA'),(364,2,'LOS POLVORINES'),(365,4,'BRINKMANN'),(366,21,'TOSTADO'),(367,2,'CA?UELAS'),(368,5,'SAN LUIS DEL PALAMAR'),(369,3,'SAN FERNANDO DEL V.CATAMARCA'),(370,21,'CHA?AR LADEADO'),(371,21,'ESPERANZA'),(372,4,'RIO PRIMERO'),(373,21,'CASILDA'),(374,2,'BULOGNE SUR MER'),(375,2,'GARIN'),(376,21,'FRAY LUIS BELTRAN'),(377,22,'LA BANDA'),(378,2,'LLAVALLOL'),(379,2,'TEMPERLEY'),(380,21,'NELSON'),(382,2,'MORON'),(383,2,'BERNAL'),(384,21,'VENADO TUERTO'),(385,8,'LA PAZ'),(386,2,'TIGRE'),(387,2,'SAN NICOLAS DE LOS ARROYOS'),(388,21,'SAN CARLOS'),(389,2,'TRISTAN SUAREZ'),(390,2,'INGENIERO MASCHWITZ'),(392,6,'EL PALMAR'),(393,2,'VILLA BALLESTER'),(394,2,'CASTELAR'),(397,21,'VILLA G.GALVEZ'),(398,21,'ARROYO SECO'),(399,2,'ING.PABLO NOGUES'),(400,17,'JOAQUIN V.GONZALEZ'),(401,2,'VIRREY DEL PINO'),(403,2,'GLEW'),(405,2,'BERNAL'),(407,21,'COLONIA EL TOBA'),(408,2,'SAN FERNANDO'),(409,21,'LAS PETACAS'),(411,21,'HERSILIA'),(412,2,'PEHUAJO'),(413,18,'JACHAL'),(415,2,'MORENO'),(416,2,'MANUEL ALBERTI'),(417,2,'VIRREYES'),(418,4,'ALICIA'),(419,5,'PASO DE LA PATRIA'),(420,2,'VILLA RITA'),(421,2,'VICENTE LOPEZ'),(422,4,'BIALET MASSE'),(423,14,'IGUAZU'),(424,5,'SANTA LUCIA'),(425,16,'VIEDMA'),(426,2,'ISIDRO CASANOVA'),(427,9,'LAGUNA BLANCA'),(428,17,'GENERAL GUEMES'),(429,21,'SANTA MARGARITA'),(431,21,'INTIYACO'),(432,21,'CA?ADA OMBU'),(433,16,'SAN CARLOS DE BARILOCHE'),(434,2,'SEVIGNE'),(435,2,'RAFAEL CALZADA'),(436,7,'COMODORO RIVADAVIA'),(438,4,'MORRISON'),(439,2,'CIUDADELA'),(440,2,'BENITO JUAREZ'),(441,21,'FUENTES'),(442,21,'PEREZ'),(443,4,'CORRALITO'),(445,2,'CHIVILCOY'),(446,20,'EL CALAFATE'),(447,2,'BERISSO'),(448,21,'GATO COLORADO'),(449,2,'PABLO PODESTA'),(450,22,'A?ATUYA'),(451,4,'ARROYITO'),(452,24,'RIO GRANDE'),(453,2,'FERRE'),(454,4,'CALCHIN'),(455,2,'EL PALOMAR'),(456,2,'GENERAL SARMIENTO'),(457,2,'SARANDI'),(458,4,'ALMAFUERTE'),(459,21,'CERES'),(460,7,'TRELEW'),(461,21,'AREQUITO'),(462,2,'REMEDIOS DE ESCALADA'),(463,21,'SAN CRISTOBAL'),(464,21,'PAVON ARRIBA'),(465,2,'PIEDRITAS'),(466,4,'ESTACION CALCHIN'),(467,21,'SAN GENARO'),(468,5,'SANTA ROSA-DPTO.CONCEPCION'),(469,4,'EMBALSE'),(470,4,'ASCOCHINGA'),(471,6,'SALTO DE LA VIEJA'),(473,15,'NEUQUEN'),(474,2,'ALMIRANTE BROWN'),(475,21,'CORONEL BOGADO'),(476,2,'VILLA MARTELLI'),(477,4,'COSQUIN'),(478,22,'RIVADAVIA'),(479,20,'RIO GALLEGOS'),(480,2,'UNION FERROVIARIA'),(481,6,'COLONIA TACUARI'),(482,2,'CAPITAN SARMIENTO'),(483,23,'MONTEROS'),(484,22,'CAMPO DEL CIELO'),(485,4,'BARRIO QUEBRADA DE LAS ROSAS'),(486,4,'CERRO LAS ROSAS'),(487,2,'PASO DEL REY'),(488,21,'SAN JOSE DE LA ESQUINA'),(489,22,'QUIMIL'),(490,21,'LAGRA?A'),(491,21,'LOGRO?O'),(492,4,'LOZADA'),(493,2,'ADROGUE'),(494,21,'LOPEZ'),(495,21,'ELORTONDO'),(496,4,'LA GRANJA'),(497,3,'BANDA VARELA'),(498,5,'SALADAS'),(499,8,'UBAJAY'),(500,21,'LOS LAURALES'),(501,17,'TARTAGAL'),(502,21,'LANDETA'),(503,21,'ARROLLO CEIBAL'),(504,18,'SAN JUAN'),(505,6,'PAMPA AGUADO'),(506,11,'SANTA ROSA'),(507,4,'UNQUILLO'),(508,2,'EZPELETA'),(509,4,'POZO DEL MOLLE'),(510,4,'MATORRALES'),(511,21,'CARLOS PELLEGRINI'),(512,21,'MOISES VILLE'),(513,2,'COLON'),(515,9,'PALO SANTO'),(516,21,'PUERTO GRAL.SAN MARTIN'),(517,2,'BELLA VISTA'),(518,7,'RAWSON'),(519,17,'METAN'),(520,4,'LA PARA'),(521,2,'LIBERTAD'),(522,2,'BAHIA BLANCA'),(523,2,'LAS FLORES'),(524,8,'CHAJARI'),(525,21,'SAN JORGE'),(526,4,'VILLA DOLORES'),(527,21,'HUMBERTO PRIMERO'),(528,2,'MARIANO ACOSTA'),(529,2,'SAN JUSTO'),(530,21,'VERA'),(531,21,'SANTA ISABEL'),(532,2,'GENERAL PACHECO'),(533,22,'LOS PIRPINTOS'),(534,14,'SAN IGNACIO'),(535,20,'RIO TURBIO'),(536,5,'BARRIO PIRAYU'),(537,21,'MELINCUE'),(538,14,'EL SOBERBIO'),(539,2,'PELLEGRINI'),(540,13,'SAN RAFAEL'),(541,20,'LOS ANTIGUOS'),(542,2,'JOSE L. SUAREZ'),(543,2,'VILLA GESELL'),(544,14,'PUERTO IGUAZU'),(545,9,'TRES LAGUNAS'),(546,2,'ZARATE'),(547,21,'MALABRIGO'),(548,4,'VILLA FONTANA'),(549,21,'EL NOCHERO'),(550,21,'LAS GARZAS'),(551,16,'CIPOLLETTI'),(552,4,'LA FRANCIA'),(553,4,'HERNANDO'),(554,2,'TANDIL'),(555,12,'LA RIOJA'),(556,2,'TRES SARGENTOS'),(557,2,'GENERAL BELGRANO'),(559,2,'MIRAMAR'),(560,21,'VILLA MINETTI'),(561,2,'CARAPACHAY'),(562,5,'GOYA'),(563,4,'FREYRE'),(564,21,'LLAMBI CAMPBELL'),(565,14,'PUERTO ESPERANZA'),(566,2,'HAEDO'),(567,21,'SAN JUSTO'),(568,4,'VILLA CABRERA'),(569,2,'CHACABUCO'),(570,5,'CURUZU-CUATIA'),(571,9,'LAS LOMITAS'),(572,2,'GENERAL RODRIGUEZ'),(573,21,'WHEELWRIGHT'),(574,2,'ADOLFO SORDEAUX'),(575,4,'TIO PUJIO'),(576,11,'CATRILO'),(577,7,'ESQUEL'),(578,5,'ALVEAR'),(579,2,'JOSE LEON SUAREZ'),(580,9,'VIILA DOS TRECE'),(581,9,'VILLA DOS TRECE'),(582,2,'FLORIDA'),(583,2,'OSTENDE'),(584,2,'AZUL'),(585,13,'RIVADAVIA'),(586,2,'LUJAN'),(587,20,'CALETA OLIVIA'),(588,2,'CARLOS SPEGAZZINI'),(589,23,'YERBA BUENA'),(590,4,'DEVOTO'),(591,13,'MAIPU'),(592,20,'LAS HERAS'),(593,21,'RICARDONE'),(594,21,'VILLA CA?AS'),(595,2,'BRAGADO'),(596,8,'VILLAGUAY'),(597,2,'BOULOGNE'),(598,14,'JARDIN AMERICA'),(599,4,'ISLA VERDE'),(600,2,'AMEGHINO'),(601,4,'MONTE CRISTO'),(602,5,'SAN COSME'),(603,4,'LOS CONDORES'),(604,2,'SAN ALBERTO'),(605,21,'SOLEDAD'),(606,7,'DOLAVON'),(607,3,'SUMALAO'),(608,20,'GOBERNADOR GREGORES'),(609,2,'GREGORIO LAFERRER'),(610,4,'SAN JAVIER'),(611,2,'LOMAS DEL MIRADOR'),(612,2,'PONTEVERA'),(613,15,'BARRANCAS'),(614,2,'PARQUE SAN MARTIN'),(615,21,'LAS ROSAS'),(616,5,'SANTO  TOM'),(617,2,'BOUCHARD'),(618,2,'ALVARADO'),(619,8,'GUALEGUAY'),(620,10,'PERICO'),(622,2,'PUNTA ALTA'),(623,2,'SAN NICOLAS'),(624,5,'BERON DE ASTRADA'),(626,14,'PUERTO RICO'),(627,21,'SANTO TOM'),(628,21,'ZAVALLA'),(629,14,'SAN PEDRO'),(630,2,'DOCK SUD'),(631,4,'SANTA ROSA DE CALAMUCHITA'),(632,22,'ROVERSI'),(633,2,'MATHEU'),(634,4,'BALLESTEROS'),(635,4,'ALTO ALBERDI'),(636,2,'ENSENADA'),(637,5,'PERUGORRIA'),(638,16,'PERITO MORENO'),(639,14,'SAN JAVIER'),(640,10,'SAN SALVADOR DE JUJUY'),(641,23,'CONCEPCION'),(642,2,'GRAN BOURG'),(643,2,'MAR DE AJO'),(644,4,'LA FALDA'),(645,2,'ANCHORENA'),(646,15,'VILLA LA ANGOSTURA'),(647,11,'GENERAL PICO'),(648,16,'CHOELE CHOEL'),(649,2,'MONTE GRANDE'),(650,13,'MENDOZA'),(651,8,'CONCEPCION DEL URUGUAY'),(652,21,'ALVAREZ'),(653,2,'QUEQUEN'),(654,20,'COMANDANTE LUIS PIEDRA BUENA'),(655,9,'VILLA ESCOBAR'),(656,2,'LOS TOLDOS'),(657,4,'BALNEARIA'),(658,2,'SAN ANTONIO DE ARECO'),(659,21,'HUMBOLDT'),(660,21,'VILLA CONSTITUCION'),(661,21,'SAN JERONIMO SUD'),(662,6,'COLONIA JUAN JOSE CASTELLI'),(663,23,'FAMAILLA'),(664,4,'SANTA ROSA DE R.PRIMERO'),(665,4,'LA PUERT-R.PRIMERO'),(666,4,'CORRAL DE BUSTOS'),(667,2,'VILLA ELISA'),(668,15,'ZAPALA'),(669,2,'LOMA HERMOSA'),(670,9,'LAGUNA YEMA'),(671,4,'LEONES'),(672,5,'CONCEPCION'),(673,21,'MONTES DE OCA'),(674,17,'VILLA SAN LORENZO'),(675,20,'PUERTO DESEADO'),(676,2,'MARTIN CORONADO'),(677,8,'GUALEGUAYCHU'),(678,20,'COM.L.PIEDRABUENA'),(679,2,'PRESIDENTE DERQUI'),(680,2,'SAN CLEMENTE DEL TUYU'),(681,21,'EL SOMBRERITO'),(682,2,'CARILO'),(683,2,'VILLA CELINA'),(684,4,'RIO CEBALLOS'),(685,9,'ING.GUILLERMO JUAREZ'),(686,14,'SAN JOSE'),(687,5,'SAN CARLOS'),(688,4,'COLONIA CAROYA'),(689,2,'MALVINAS ARGENTINA'),(690,21,'TACUARENDI'),(691,21,'MARGARITA'),(692,21,'RUFINO'),(693,2,'BOLIVAR'),(694,4,'CORONEL MOLDES'),(695,2,'PEREZ MILLAN'),(696,2,'MUNRO'),(697,5,'ESQUINA'),(698,7,'PUERTO MADRYN'),(699,8,'VIALE'),(700,8,'ROSARIO DEL TALA'),(701,14,'CANDELARIA'),(702,2,'RANELAGH'),(703,5,'LA CRUZ'),(704,2,'EXALTACION DE LA CRUZ'),(705,2,'PUNTA ALTA'),(706,21,'VILLA ELOISA'),(707,5,'CHAVARRIA'),(708,2,'AVDA. SEGUROLA'),(709,2,'COL.DR.GDOR.UDAONDO'),(710,21,'CA?ADA RICA'),(711,19,'VILLA DE MERLO'),(712,5,'EMPEDRADO'),(713,2,'SANTOS LUGARES'),(714,14,'APOSTOLES'),(715,22,'TOMAS YOUNG'),(716,8,'VILLA LIBERTADOR GENERAL SAN MARTIN'),(717,5,'IT? IBATLE'),(718,23,'EL MANANTIAL'),(719,14,'GARUPA'),(720,4,'VILLA AZALAIS'),(721,2,'SAENZ PE?A'),(722,21,'COLASTIN? NORTE'),(723,17,'EMBARCACION'),(724,2,'SAN MARTIN DE LOS ANDES'),(725,2,'ALMAGRO'),(726,14,'SANTA ANA'),(727,21,'VILA'),(728,15,'CUTRAL-C'),(729,2,'O HIGGINS'),(730,2,'NORBERTO DE LA RIESTRA'),(731,4,'LA CARLOTA'),(732,23,'TRANCAS'),(733,2,'SANTA LUCIA'),(734,21,'FUNES'),(735,2,'PACHECO'),(736,6,'CAMPO MORENO'),(737,4,'VILLA GENERAL BELGRANO'),(740,5,'BELLA VISTA'),(741,9,'COMANDANTE FONTANA'),(742,4,'ALTOS DE CHIPION'),(743,21,'VIDELA'),(744,4,'VILLA CONCEPCION DEL TIO'),(745,6,'PUERTO EVA PERON'),(746,2,'CIUDAD EVITA');
/*!40000 ALTER TABLE `localidades` ENABLE KEYS */;
UNLOCK TABLES;

--
-- Table structure for table `logUsuario`
--

DROP TABLE IF EXISTS `logUsuario`;
/*!40101 SET @saved_cs_client     = @@character_set_client */;
/*!40101 SET character_set_client = utf8 */;
CREATE TABLE `logUsuario` (
  `idlogUsuario` int(11) NOT NULL AUTO_INCREMENT,
  `activo` int(11) DEFAULT NULL,
  `fecha` datetime DEFAULT NULL,
  `nombreUsuario` varchar(255) DEFAULT NULL,
  PRIMARY KEY (`idlogUsuario`)
) ENGINE=InnoDB AUTO_INCREMENT=248 DEFAULT CHARSET=latin1;
/*!40101 SET character_set_client = @saved_cs_client */;

--
-- Dumping data for table `logUsuario`
--

LOCK TABLES `logUsuario` WRITE;
/*!40000 ALTER TABLE `logUsuario` DISABLE KEYS */;
INSERT INTO `logUsuario` VALUES (1,0,'2015-03-06 11:36:05','calcuta'),(2,0,'2015-03-06 11:37:23','calcuta'),(3,0,'2015-03-07 10:27:27','calcuta'),(4,0,'2015-03-07 10:42:11','calcuta'),(5,0,'2015-03-07 11:30:44','calcuta'),(6,0,'2015-03-07 11:34:40','calcuta'),(7,0,'2015-03-07 11:40:51','calcuta'),(8,0,'2015-03-07 11:41:55','calcuta'),(9,0,'2015-03-07 11:43:21','calcuta'),(10,0,'2015-03-07 11:45:14','calcuta'),(11,0,'2015-03-07 11:48:53','calcuta'),(12,0,'2015-03-07 11:51:55','calcuta'),(13,0,'2015-03-07 11:54:04','calcuta'),(14,0,'2015-03-07 11:56:27','calcuta'),(15,0,'2015-03-07 11:58:39','CALCUTA'),(16,0,'2015-03-07 12:05:06','CALCUTA'),(17,0,'2015-03-07 16:55:52','calcuta'),(18,0,'2015-03-07 17:10:23','calcuta'),(19,0,'2015-03-07 17:37:45','calcuta'),(20,0,'2015-03-07 17:55:43','CALCUTA'),(21,0,'2015-03-07 17:56:38','CALCUTA'),(22,0,'2015-03-07 17:58:50','calcuta'),(23,0,'2015-03-07 18:05:25','calcuta'),(24,0,'2015-03-07 18:34:29','calcuta'),(25,0,'2015-03-07 18:40:15','calcuta'),(26,0,'2015-03-07 18:42:59','calcuta'),(27,0,'2015-03-07 18:57:28','calcuta'),(28,0,'2015-03-07 19:05:59','calcuta'),(29,0,'2015-03-07 19:23:51','calcuta'),(30,0,'2015-03-07 19:40:04','calcuta'),(31,0,'2015-03-07 19:43:29','calcuta'),(32,0,'2015-03-07 19:45:42','calcuta'),(33,0,'2015-03-07 20:14:30','calcuta'),(34,0,'2015-03-07 20:21:40','calcuta'),(35,0,'2015-03-07 20:47:36','calcuta'),(36,0,'2015-03-08 10:19:36','calcuta'),(37,0,'2015-03-08 10:25:18','calcuta'),(38,0,'2015-03-08 10:27:12','calcuta'),(39,0,'2015-03-08 10:30:33','calcuta'),(40,0,'2015-03-08 10:37:59','calcuta'),(41,0,'2015-03-08 10:39:46','calcuta'),(42,0,'2015-03-08 10:40:44','calcuta'),(43,0,'2015-03-08 11:02:26','calcuta'),(44,0,'2015-03-08 11:03:18','calcuta'),(45,0,'2015-03-08 11:03:43','calcuta'),(46,0,'2015-03-08 11:05:24','calcuta'),(47,0,'2015-03-08 11:06:23','calcuta'),(48,0,'2015-03-10 20:17:20','calcuta'),(49,0,'2015-03-10 20:43:10','calcuta'),(50,0,'2015-03-10 20:44:02','calcuta'),(51,0,'2015-03-10 20:54:58','calcuta'),(52,0,'2015-03-10 21:02:56','calcuta'),(53,0,'2015-03-10 21:07:51','calcuta'),(54,0,'2015-03-10 21:10:45','calcuta'),(55,0,'2015-03-10 21:14:50','calcuta'),(56,0,'2015-03-10 21:22:18','calcuta'),(57,0,'2015-03-10 21:28:53','calcuta'),(58,0,'2015-03-10 21:32:17','calcuta'),(59,0,'2015-03-10 21:43:34','calcuta'),(60,0,'2015-03-10 21:45:35','calcuta'),(61,0,'2015-03-10 21:47:47','calcuta'),(62,0,'2015-03-10 21:50:05','calcuta'),(63,0,'2015-03-10 21:52:17','calcuta'),(64,0,'2015-03-10 22:06:51','calcuta'),(65,0,'2015-03-11 10:12:41','calcuta'),(66,0,'2015-03-11 10:18:59','calcuta'),(67,0,'2015-03-11 10:29:29','calcuta'),(68,0,'2015-03-11 10:31:08','calcuta'),(69,0,'2015-03-11 10:36:18','calcuta'),(70,0,'2015-03-11 10:39:00','calcuta'),(71,0,'2015-03-11 10:43:39','calcuta'),(72,0,'2015-03-11 10:47:04','calcuta'),(73,0,'2015-03-11 10:54:58','calcuta'),(74,0,'2015-03-11 10:56:04','calcuta'),(75,0,'2015-03-11 10:59:06','calcuta'),(76,0,'2015-03-11 11:04:20','calcuta'),(77,0,'2015-03-11 11:07:09','calcuta'),(78,0,'2015-03-11 11:10:53','calcuta'),(79,0,'2015-03-11 11:20:06','calcuta'),(80,0,'2015-03-11 11:27:18','calcuta'),(81,0,'2015-03-11 11:29:46','calcuta'),(82,0,'2015-03-11 11:35:20','calcuta'),(83,0,'2015-03-11 11:38:54','calcuta'),(84,0,'2015-03-11 12:46:17','CALCUTA'),(85,0,'2015-03-12 18:18:44','CALCUTA'),(86,0,'2015-03-27 23:27:44','calcuta'),(87,0,'2015-03-27 23:32:14','calcuta'),(88,0,'2015-03-27 23:39:17','calcuta'),(89,0,'2015-03-27 23:43:17','calcuta'),(90,0,'2015-03-28 00:22:04','calcuta'),(91,0,'2015-03-28 00:24:34','calcuta'),(92,0,'2015-03-28 00:30:47','calcuta'),(93,0,'2015-03-28 00:41:47','calcuta'),(94,0,'2015-03-29 20:53:41','calcuta'),(95,0,'2015-03-29 20:53:48','calcuta'),(96,0,'2015-03-29 20:53:54','calcuta'),(97,0,'2015-03-29 20:56:12','calcuta'),(98,0,'2015-04-29 20:16:31','calcuta'),(99,0,'2015-05-05 18:49:49','calcuta'),(100,0,'2015-05-18 19:18:51','calcuta'),(101,0,'2015-05-18 19:22:09','calcuta'),(102,0,'2015-05-18 19:22:10','calcuta'),(103,0,'2015-05-18 19:25:48','calcuta'),(104,0,'2015-05-18 19:31:07','calcuta'),(105,0,'2015-05-18 19:35:09','calcuta'),(106,0,'2015-05-18 19:39:12','calcuta'),(107,0,'2015-05-18 19:42:00','calcuta'),(108,0,'2015-05-18 19:43:44','calcuta'),(109,0,'2015-05-18 19:46:58','calcuta'),(110,0,'2015-05-18 19:49:27','calcuta'),(111,0,'2015-05-18 19:56:24','c'),(112,0,'2015-05-18 20:00:13','c'),(113,0,'2015-05-18 20:03:11','c'),(114,0,'2015-05-18 20:05:02','c'),(115,0,'2015-05-18 20:06:45','c'),(116,0,'2015-05-18 20:10:37','c'),(117,0,'2015-05-18 20:12:08','c'),(118,0,'2015-05-18 20:16:28','c'),(119,0,'2015-05-18 20:18:14','c'),(120,0,'2015-05-18 20:21:05','c'),(121,0,'2015-05-18 20:22:58','c'),(122,0,'2015-05-18 20:24:36','c'),(123,0,'2015-05-18 20:25:12','c'),(124,0,'2015-05-18 20:27:24','c'),(125,0,'2015-05-18 20:28:09','c'),(126,0,'2015-05-18 20:29:11','c'),(127,0,'2015-05-18 20:31:10','c'),(128,0,'2015-05-18 20:33:01','c'),(129,0,'2015-05-18 20:35:11','c'),(130,0,'2015-05-18 20:39:36','c'),(131,0,'2015-05-18 20:40:16','c'),(132,0,'2015-05-18 20:41:05','c'),(133,0,'2015-05-18 20:43:57','c'),(134,0,'2015-05-18 20:49:21','c'),(135,0,'2015-05-18 20:55:37','c'),(136,0,'2015-05-18 21:43:25','c'),(137,0,'2015-05-19 11:10:36','C'),(138,0,'2015-05-19 11:20:16','C'),(139,0,'2015-05-19 11:26:36','C'),(140,0,'2015-05-19 16:33:29','calcuta'),(141,0,'2015-05-19 18:29:23','calcuta'),(142,0,'2015-05-19 20:37:47','calcuta'),(143,0,'2015-05-19 20:39:13','calcuta'),(144,0,'2015-05-19 20:45:07','calcuta'),(145,0,'2015-05-25 11:25:54','calcuta'),(146,0,'2015-05-25 11:32:47','calcuta'),(147,0,'2015-05-25 11:36:47','calcuta'),(148,0,'2015-05-25 11:57:23','calcuta'),(149,0,'2015-05-25 12:03:07','calcuta'),(150,0,'2015-05-25 12:06:32','calcuta'),(151,0,'2015-05-25 12:12:50','calcuta'),(152,0,'2015-05-25 12:15:24','calcuta'),(153,0,'2015-05-25 12:18:42','calcuta'),(154,0,'2015-05-25 12:22:40','calcuta'),(155,0,'2015-05-25 12:24:36','calcuta'),(156,0,'2015-05-25 12:37:58','calcuta'),(157,0,'2015-05-25 12:42:33','calcuta'),(158,0,'2015-05-25 12:44:03','calcuta'),(159,0,'2015-05-25 12:46:11','calcuta'),(160,0,'2015-05-25 12:47:44','calcuta'),(161,0,'2015-05-25 12:53:49','calcuta'),(162,0,'2015-05-25 12:58:37','calcuta'),(163,0,'2015-05-25 13:03:59','calcuta'),(164,0,'2015-05-25 18:51:57','calcuta'),(165,0,'2015-05-25 18:59:31','calcuta'),(166,0,'2015-05-25 19:00:52','calcuta'),(167,0,'2015-05-25 19:03:45','calcuta'),(168,0,'2015-05-25 19:04:46','calcuta'),(169,0,'2015-05-25 19:26:58','calcuta'),(170,0,'2015-05-25 19:29:20','calcuta'),(171,0,'2015-05-25 21:01:20','calcuta'),(172,0,'2015-05-25 21:02:43','calcuta'),(173,0,'2015-05-25 21:04:08','calcuta'),(174,0,'2015-05-25 21:22:00','calcuta'),(175,0,'2015-05-26 21:12:37','calcuta'),(176,0,'2015-05-26 21:16:39','calcuta'),(177,0,'2015-05-26 21:33:26','calcuta'),(178,0,'2015-05-26 21:39:22','calcuta'),(179,0,'2015-05-26 21:48:05','calcuta'),(180,0,'2015-05-26 21:53:48','calcuta'),(181,0,'2015-05-26 21:56:34','calcuta'),(182,0,'2015-05-26 22:00:05','calcuta'),(183,0,'2015-05-26 22:05:06','calcuta'),(184,0,'2015-05-26 22:08:15','calcuta'),(185,0,'2015-05-30 09:46:28','calcuta'),(186,0,'2015-05-30 18:57:04','calcuta'),(187,0,'2015-05-30 19:09:42','calcuta'),(188,0,'2015-05-30 19:13:40','c'),(189,0,'2015-05-30 19:20:33','c'),(190,0,'2015-05-30 19:21:29','c'),(191,0,'2015-05-30 19:23:07','c'),(192,0,'2015-05-30 19:24:11','c'),(193,0,'2015-05-30 19:25:49','c'),(194,0,'2015-05-30 19:27:05','c'),(195,0,'2015-05-30 19:30:31','c'),(196,0,'2015-05-30 19:34:19','c'),(197,0,'2015-05-30 19:35:20','c'),(198,0,'2015-05-30 19:37:54','c'),(199,0,'2015-05-30 19:46:20','c'),(200,0,'2015-05-31 21:28:55','calcuta'),(201,0,'2015-05-31 21:37:04','calcuta'),(202,0,'2015-05-31 21:41:13','calcuta'),(203,0,'2015-05-31 21:47:04','calcuta'),(204,0,'2015-05-31 21:51:53','calcuta'),(205,0,'2015-05-31 21:52:41','c'),(206,0,'2015-05-31 21:53:50','c'),(207,0,'2015-06-07 22:09:38','calcuta'),(208,0,'2015-06-08 20:07:14','calcuta'),(209,0,'2015-06-08 20:10:32','calcuta'),(210,0,'2015-06-08 20:12:10','calcuta'),(211,0,'2015-06-08 20:13:22','c'),(212,0,'2015-06-08 20:14:45','c'),(213,0,'2015-06-08 20:16:10','c'),(214,0,'2015-06-08 20:16:54','c'),(215,0,'2015-06-08 20:18:48','c'),(216,0,'2015-06-14 12:21:50','c'),(217,0,'2015-06-14 12:27:06','c'),(218,0,'2015-06-14 12:28:49','c'),(219,0,'2015-06-14 12:31:12','c'),(220,0,'2015-06-18 17:03:06','c'),(221,0,'2015-06-18 17:06:28','c'),(222,0,'2015-06-18 17:09:37','c'),(223,0,'2015-06-18 21:04:54','calcuta'),(224,0,'2015-06-18 21:14:15','c'),(225,0,'2015-06-18 21:18:18','C'),(226,0,'2015-06-18 21:20:23','C'),(227,0,'2015-06-18 21:21:52','C'),(228,0,'2015-06-18 21:23:10','C'),(229,0,'2015-06-18 21:46:56','GLMENDEZ'),(230,0,'2015-06-18 21:48:29','ULTIMO'),(231,0,'2015-08-15 10:27:22','ultimo'),(232,0,'2015-08-15 11:12:55','ultimo'),(233,0,'2015-08-15 11:59:31','f'),(234,0,'2015-08-15 12:02:47','f'),(235,0,'2015-08-15 12:04:23','f'),(236,0,'2015-08-15 12:10:06','f'),(237,0,'2015-08-15 12:29:34','f'),(238,0,'2015-08-15 12:33:44','f'),(239,0,'2015-08-15 12:36:07','f'),(240,0,'2015-08-15 13:00:02','f'),(241,0,'2015-08-15 13:01:45','f'),(242,0,'2015-08-15 13:04:51','f'),(243,0,'2015-08-17 19:04:09','f'),(244,0,'2015-08-17 19:13:05','f'),(245,0,'2015-08-17 19:14:28','f'),(246,0,'2015-08-17 19:17:38','f'),(247,1,'2015-08-17 19:19:01','f');
/*!40000 ALTER TABLE `logUsuario` ENABLE KEYS */;
UNLOCK TABLES;

--
-- Table structure for table `provincias`
--

DROP TABLE IF EXISTS `provincias`;
/*!40101 SET @saved_cs_client     = @@character_set_client */;
/*!40101 SET character_set_client = utf8 */;
CREATE TABLE `provincias` (
  `codProv` int(11) NOT NULL,
  `provincia` varchar(100) CHARACTER SET utf8 COLLATE utf8_spanish_ci NOT NULL,
  PRIMARY KEY (`codProv`)
) ENGINE=InnoDB DEFAULT CHARSET=latin1;
/*!40101 SET character_set_client = @saved_cs_client */;

--
-- Dumping data for table `provincias`
--

LOCK TABLES `provincias` WRITE;
/*!40000 ALTER TABLE `provincias` DISABLE KEYS */;
INSERT INTO `provincias` VALUES (2,'BUENOS AIRES'),(3,'CATAMARCA'),(4,'CÓRDOBA'),(5,'CORRIENTES'),(6,'CHACO'),(7,'CHUBUT'),(8,'ENTRE RÍOS'),(9,'FORMOSA'),(10,'JUJUY'),(11,'LA PAMPA'),(12,'LA RIOJA'),(13,'MENDOZA'),(14,'MISIONES'),(15,'NEUQUEN'),(16,'RÍO NEGRO'),(17,'SALTA'),(18,'SAN JUAN'),(19,'SAN LUIS'),(20,'SANTA CRUZ'),(21,'SANTA FE'),(22,'SANTIAGO DEL ESTERO'),(23,'TUCUMÁN'),(24,'TIERRA DEL FUEGO');
/*!40000 ALTER TABLE `provincias` ENABLE KEYS */;
UNLOCK TABLES;

--
-- Table structure for table `relacSocDifuntos`
--

DROP TABLE IF EXISTS `relacSocDifuntos`;
/*!40101 SET @saved_cs_client     = @@character_set_client */;
/*!40101 SET character_set_client = utf8 */;
CREATE TABLE `relacSocDifuntos` (
  `idSocioFV` int(11) NOT NULL,
  `idFV` int(11) NOT NULL,
  PRIMARY KEY (`idSocioFV`,`idFV`),
  KEY `idFV` (`idFV`),
  CONSTRAINT `relacSocDifuntos_ibfk_5` FOREIGN KEY (`idSocioFV`) REFERENCES `sociosFlorVida` (`idSocio`) ON DELETE CASCADE ON UPDATE CASCADE,
  CONSTRAINT `relacSocDifuntos_ibfk_6` FOREIGN KEY (`idFV`) REFERENCES `florVida` (`idFV`) ON DELETE CASCADE ON UPDATE CASCADE
) ENGINE=InnoDB DEFAULT CHARSET=latin1;
/*!40101 SET character_set_client = @saved_cs_client */;

--
-- Dumping data for table `relacSocDifuntos`
--

LOCK TABLES `relacSocDifuntos` WRITE;
/*!40000 ALTER TABLE `relacSocDifuntos` DISABLE KEYS */;
INSERT INTO `relacSocDifuntos` VALUES (5,5),(8,7),(23,15);
/*!40000 ALTER TABLE `relacSocDifuntos` ENABLE KEYS */;
UNLOCK TABLES;

--
-- Table structure for table `socios`
--

DROP TABLE IF EXISTS `socios`;
/*!40101 SET @saved_cs_client     = @@character_set_client */;
/*!40101 SET character_set_client = utf8 */;
CREATE TABLE `socios` (
  `idSocio` int(11) NOT NULL AUTO_INCREMENT,
  `idTipoSocio` int(11) NOT NULL,
  `documento` int(11) NOT NULL,
  `sexo` varchar(30) NOT NULL,
  `nombre` varchar(80) NOT NULL,
  `apellido` varchar(50) NOT NULL,
  `cuil` varchar(20) DEFAULT NULL,
  `numSoc` int(10) DEFAULT NULL,
  `email` varchar(50) DEFAULT NULL,
  `telefono` varchar(20) DEFAULT NULL,
  `celular` varchar(20) DEFAULT NULL,
  `fechaNacimiento` date DEFAULT NULL,
  `localidad` int(11) NOT NULL,
  `direccion` varchar(250) NOT NULL,
  `fechaBaja` date DEFAULT NULL,
  `socio` tinyint(1) NOT NULL DEFAULT '0',
  `adherente` tinyint(1) NOT NULL DEFAULT '0',
  `donante` tinyint(1) NOT NULL DEFAULT '0',
  PRIMARY KEY (`idSocio`),
  KEY `fk_socios_1_idx` (`localidad`),
  KEY `fk_socios_2_idx` (`idTipoSocio`),
  CONSTRAINT `fk_socios_1` FOREIGN KEY (`localidad`) REFERENCES `localidades` (`codLoc`) ON DELETE NO ACTION ON UPDATE NO ACTION,
  CONSTRAINT `fk_socios_2` FOREIGN KEY (`idTipoSocio`) REFERENCES `tipoSocio` (`idTipoSocio`) ON DELETE NO ACTION ON UPDATE NO ACTION
) ENGINE=InnoDB AUTO_INCREMENT=14 DEFAULT CHARSET=latin1;
/*!40101 SET character_set_client = @saved_cs_client */;

--
-- Dumping data for table `socios`
--

LOCK TABLES `socios` WRITE;
/*!40000 ALTER TABLE `socios` DISABLE KEYS */;
INSERT INTO `socios` VALUES (2,4,32555666,'M','FRANCISCO','VIOLA','20-32555666-9',8,'franci@gmail.com','3624565666','','2014-05-29',107,'VIUDA DE ROSS 250','2015-05-19',1,0,0),(3,1,43434343,'M','LEANDRO','MARO','20-01234567-5',2,'lea@correo.com','3626767676','','1986-05-11',107,'JULIO A ROCA','0000-00-00',1,0,0),(4,4,33687634,'M','LUIS','VELAZCO','20-33687634-7',7,'luisvrcia@gmail.comasd','421288','','2014-05-22',107,'FRONDIZI 1544',NULL,1,0,0),(5,3,32874429,'F','MATIASS','MARTURET','20-32456789-6',3,'matias@proyecto.com.ar','123456789','','1985-05-16',32,'AV. SIEMPRE VIVAS 123',NULL,1,0,0),(6,4,33399887,'F','MARIA EUGENIA','NUÑEZ','27-33399887-9',4,'eugeiq@gmail.com','','','1987-09-02',110,'CRISTOFFANI 2135','0000-00-00',1,0,0),(7,5,1234567,'F','ASD','ASD','27-01234567-9',1,'asd','','','2014-05-13',123,'ASD','0000-00-00',1,1,0),(8,1,32456789,'F','PRUEBA','PRUEBA SOCIO 1','27-32888555-2',6,'PRUEBASOCIO@PRUEBA.COM','123456789','','1972-02-10',108,'AV. LIBERTADOR 4567',NULL,1,0,0),(9,1,99999999,'F','ROXANA','VIOLA','27-33687634-1',9,'roxi@hotmail.com','','','2014-06-09',276,'FRONDIZI 132','0000-00-00',1,0,1),(10,1,31720700,'M','JUAN','PEREZ','20-32888555-8',5,'juan@hotmail.com','3624715014','','1986-10-16',570,'9 DE JULIO','0000-00-00',1,0,1),(11,3,15151515,'M','DANIEL','MASAT','20-15151515-1',10,NULL,NULL,NULL,'2015-03-07',202,'SANTA FE 250',NULL,1,0,0),(12,1,17387705,'M','GRACIELA','BERNAOLA','20-17387705-7',11,NULL,'','','1993-05-01',113,'ZZZZZZ',NULL,1,0,0),(13,1,31720700,'M','JUAN','PEREZ','20-32888555-8',12,'JUAN@HOTMAIL.COM','3624715014',NULL,NULL,107,'9 DE JULIO',NULL,1,0,1);
/*!40000 ALTER TABLE `socios` ENABLE KEYS */;
UNLOCK TABLES;

--
-- Table structure for table `sociosFlorVida`
--

DROP TABLE IF EXISTS `sociosFlorVida`;
/*!40101 SET @saved_cs_client     = @@character_set_client */;
/*!40101 SET character_set_client = utf8 */;
CREATE TABLE `sociosFlorVida` (
  `idSocio` int(11) NOT NULL AUTO_INCREMENT,
  `apellido` varchar(150) DEFAULT NULL,
  `nombre` varchar(150) DEFAULT NULL,
  `localidad` int(11) DEFAULT NULL,
  `direccion` varchar(250) DEFAULT NULL,
  `telefono` varchar(20) DEFAULT NULL,
  `cuil` varchar(20) DEFAULT NULL,
  `sexo` varchar(1) DEFAULT NULL,
  `email` varchar(100) DEFAULT NULL,
  `celular` varchar(20) DEFAULT NULL,
  `dni` int(11) DEFAULT NULL,
  PRIMARY KEY (`idSocio`),
  KEY `fk_sociosFlorVida_1` (`localidad`),
  CONSTRAINT `fk_sociosFlorVida_1` FOREIGN KEY (`localidad`) REFERENCES `localidades` (`codLoc`) ON DELETE NO ACTION ON UPDATE NO ACTION
) ENGINE=InnoDB AUTO_INCREMENT=28 DEFAULT CHARSET=latin1;
/*!40101 SET character_set_client = @saved_cs_client */;

--
-- Dumping data for table `sociosFlorVida`
--

LOCK TABLES `sociosFlorVida` WRITE;
/*!40000 ALTER TABLE `sociosFlorVida` DISABLE KEYS */;
INSERT INTO `sociosFlorVida` VALUES (5,'FRANCO','SALVADOR',107,'FRONDIZI 15422','521445','20-01212437-7','M',NULL,NULL,1212437),(8,'ESTEBAN','ACASUSO',107,'LAS HERAS 123','454477',NULL,'M',NULL,NULL,NULL),(21,'NUÑEZ','MARIA EUGENIA',107,'CRISTOFFANI 2135',NULL,'27-33399887-9','F','eugeiq@gmail.com',NULL,33399887),(23,'BERNAOLA','GRACIELA',113,'ZZZZZZ',NULL,'20-17387705-7','M',NULL,NULL,17387705),(24,'MARTURET','MATIASS',32,'AV. SIEMPRE VIVAS 123','123456789','20-32456789-6','F','MATIAS@PROYECTO.COM.AR',NULL,32874429),(25,'ASD','ASD',123,'ASD',NULL,'27-01234567-9','F','ASD',NULL,1234567),(26,'ASD','ASD',123,'ASD',NULL,'27-01234567-9','F','ASD',NULL,1234567),(27,'ASD','ASD',123,'ASD',NULL,'27-01234567-9','F','ASD',NULL,1234567);
/*!40000 ALTER TABLE `sociosFlorVida` ENABLE KEYS */;
UNLOCK TABLES;

--
-- Table structure for table `tipoEvento`
--

DROP TABLE IF EXISTS `tipoEvento`;
/*!40101 SET @saved_cs_client     = @@character_set_client */;
/*!40101 SET character_set_client = utf8 */;
CREATE TABLE `tipoEvento` (
  `idTipoEvento` int(11) NOT NULL AUTO_INCREMENT,
  `descripcion` varchar(255) NOT NULL,
  PRIMARY KEY (`idTipoEvento`)
) ENGINE=InnoDB AUTO_INCREMENT=10 DEFAULT CHARSET=latin1;
/*!40101 SET character_set_client = @saved_cs_client */;

--
-- Dumping data for table `tipoEvento`
--

LOCK TABLES `tipoEvento` WRITE;
/*!40000 ALTER TABLE `tipoEvento` DISABLE KEYS */;
INSERT INTO `tipoEvento` VALUES (6,'RECAUDACION DE FONDOS'),(7,'CUMPLEAÑOS FUNDACIÓN'),(8,'MISA PARA RECACUDACIÓN DE FONDOS'),(9,'DIA DE LA INDEPENDENCIA');
/*!40000 ALTER TABLE `tipoEvento` ENABLE KEYS */;
UNLOCK TABLES;

--
-- Table structure for table `tipoGasto`
--

DROP TABLE IF EXISTS `tipoGasto`;
/*!40101 SET @saved_cs_client     = @@character_set_client */;
/*!40101 SET character_set_client = utf8 */;
CREATE TABLE `tipoGasto` (
  `idtipo_gasto` int(11) NOT NULL AUTO_INCREMENT,
  `descripcion` varchar(45) DEFAULT NULL,
  `TipoGasto` varchar(45) CHARACTER SET latin1 COLLATE latin1_spanish_ci NOT NULL,
  `Elemento` varchar(255) CHARACTER SET latin1 COLLATE latin1_spanish_ci NOT NULL,
  PRIMARY KEY (`idtipo_gasto`)
) ENGINE=InnoDB AUTO_INCREMENT=10 DEFAULT CHARSET=latin1;
/*!40101 SET character_set_client = @saved_cs_client */;

--
-- Dumping data for table `tipoGasto`
--

LOCK TABLES `tipoGasto` WRITE;
/*!40000 ALTER TABLE `tipoGasto` DISABLE KEYS */;
INSERT INTO `tipoGasto` VALUES (5,'NOS REUNIMOS CON LAS SEÑORAS','COMISIÓN','FACTURAS'),(6,'JABON EN POLVO','HOGAR','JABON'),(7,'ELTOS DE LIMPIEZA PARA EL HOGAR.','COMISIÓN','LIMPIEZA VARIOS'),(8,'TE PARA UN EVENTO','COMISIÓN','TE'),(9,'SABANAS','HOGAR','SABANAS');
/*!40000 ALTER TABLE `tipoGasto` ENABLE KEYS */;
UNLOCK TABLES;

--
-- Table structure for table `tipoSocio`
--

DROP TABLE IF EXISTS `tipoSocio`;
/*!40101 SET @saved_cs_client     = @@character_set_client */;
/*!40101 SET character_set_client = utf8 */;
CREATE TABLE `tipoSocio` (
  `idTipoSocio` int(11) NOT NULL AUTO_INCREMENT,
  `tipoSocio` varchar(100) NOT NULL,
  `monto` decimal(7,2) NOT NULL,
  PRIMARY KEY (`idTipoSocio`)
) ENGINE=InnoDB AUTO_INCREMENT=6 DEFAULT CHARSET=latin1;
/*!40101 SET character_set_client = @saved_cs_client */;

--
-- Dumping data for table `tipoSocio`
--

LOCK TABLES `tipoSocio` WRITE;
/*!40000 ALTER TABLE `tipoSocio` DISABLE KEYS */;
INSERT INTO `tipoSocio` VALUES (1,'ACTIVO',20.00),(3,'ADHERENTE',15.00),(4,'HONORARIO',5.00),(5,'VITALICIO',20.00);
/*!40000 ALTER TABLE `tipoSocio` ENABLE KEYS */;
UNLOCK TABLES;

--
-- Table structure for table `usuario`
--

DROP TABLE IF EXISTS `usuario`;
/*!40101 SET @saved_cs_client     = @@character_set_client */;
/*!40101 SET character_set_client = utf8 */;
CREATE TABLE `usuario` (
  `idUsuario` int(11) NOT NULL AUTO_INCREMENT,
  `nombre` varchar(30) NOT NULL,
  `password` varchar(45) NOT NULL,
  PRIMARY KEY (`idUsuario`)
) ENGINE=InnoDB AUTO_INCREMENT=17 DEFAULT CHARSET=latin1;
/*!40101 SET character_set_client = @saved_cs_client */;

--
-- Dumping data for table `usuario`
--

LOCK TABLES `usuario` WRITE;
/*!40000 ALTER TABLE `usuario` DISABLE KEYS */;
INSERT INTO `usuario` VALUES (15,'ultimo','1234'),(16,'f','f');
/*!40000 ALTER TABLE `usuario` ENABLE KEYS */;
UNLOCK TABLES;
/*!40103 SET TIME_ZONE=@OLD_TIME_ZONE */;

/*!40101 SET SQL_MODE=@OLD_SQL_MODE */;
/*!40014 SET FOREIGN_KEY_CHECKS=@OLD_FOREIGN_KEY_CHECKS */;
/*!40014 SET UNIQUE_CHECKS=@OLD_UNIQUE_CHECKS */;
/*!40101 SET CHARACTER_SET_CLIENT=@OLD_CHARACTER_SET_CLIENT */;
/*!40101 SET CHARACTER_SET_RESULTS=@OLD_CHARACTER_SET_RESULTS */;
/*!40101 SET COLLATION_CONNECTION=@OLD_COLLATION_CONNECTION */;
/*!40111 SET SQL_NOTES=@OLD_SQL_NOTES */;

-- Dump completed on 2015-09-17 10:41:04
